,model_path,seed
0,results/models/policy_gradient__2020-11-25_19-25-24,200.0
1,results/models/policy_gradient__2020-11-25_21-22-46,232.0
2,results/models/policy_gradient__2020-11-25_23-19-21,264.0
3,results/models/policy_gradient__2020-11-26_01-05-27,296.0
4,results/models/policy_gradient__2020-11-26_12-14-07,328.0
5,results/models/policy_gradient__2020-11-26_14-19-15,360.0
6,results/models/policy_gradient__2020-11-26_17-31-02,392.0
7,results/models/policy_gradient__2020-11-26_20-03-25,424.0
8,results/models/policy_gradient__2020-11-26_21-42-03,456.0
9,results/models/policy_gradient__2020-11-26_23-21-52,488.0
10,results/models/policy_gradient__2020-11-25_19-25-24,200.0
11,results/models/policy_gradient__2020-11-25_21-22-46,232.0
12,results/models/policy_gradient__2020-11-25_23-19-21,264.0
13,results/models/policy_gradient__2020-11-26_01-05-27,296.0
14,results/models/policy_gradient__2020-11-26_12-14-07,328.0
15,results/models/policy_gradient__2020-11-26_14-19-15,360.0
16,results/models/policy_gradient__2020-11-26_17-31-02,392.0
17,results/models/policy_gradient__2020-11-26_20-03-25,424.0
18,results/models/policy_gradient__2020-11-26_21-42-03,456.0
19,results/models/policy_gradient__2020-11-26_23-21-52,488.0
20,results/models/policy_gradient__2020-11-25_19-25-24,200.0
21,results/models/policy_gradient__2020-11-25_21-22-46,232.0
22,results/models/policy_gradient__2020-11-25_23-19-21,264.0
23,results/models/policy_gradient__2020-11-26_01-05-27,296.0
24,results/models/policy_gradient__2020-11-26_12-14-07,328.0
25,results/models/policy_gradient__2020-11-26_14-19-15,360.0
26,results/models/policy_gradient__2020-11-26_17-31-02,392.0
27,results/models/policy_gradient__2020-11-26_20-03-25,424.0
28,results/models/policy_gradient__2020-11-26_21-42-03,456.0
29,results/models/policy_gradient__2020-11-26_23-21-52,488.0
30,results/models/policy_gradient__2020-11-25_19-25-24,200.0
31,results/models/policy_gradient__2020-11-25_21-22-46,232.0
32,results/models/policy_gradient__2020-11-25_23-19-21,264.0
33,results/models/policy_gradient__2020-11-26_01-05-27,296.0
34,results/models/policy_gradient__2020-11-26_12-14-07,328.0
35,results/models/policy_gradient__2020-11-26_14-19-15,360.0
36,results/models/policy_gradient__2020-11-26_17-31-02,392.0
37,results/models/policy_gradient__2020-11-26_20-03-25,424.0
38,results/models/policy_gradient__2020-11-26_21-42-03,456.0
39,results/models/policy_gradient__2020-11-26_23-21-52,488.0
40,results/models/policy_gradient__2020-11-25_19-25-24,200.0
41,results/models/policy_gradient__2020-11-25_21-22-46,232.0
42,results/models/policy_gradient__2020-11-25_23-19-21,264.0
43,results/models/policy_gradient__2020-11-26_01-05-27,296.0
44,results/models/policy_gradient__2020-11-26_12-14-07,328.0
45,results/models/policy_gradient__2020-11-26_14-19-15,360.0
46,results/models/policy_gradient__2020-11-26_17-31-02,392.0
47,results/models/policy_gradient__2020-11-26_20-03-25,424.0
48,results/models/policy_gradient__2020-11-26_21-42-03,456.0
49,results/models/policy_gradient__2020-11-26_23-21-52,488.0
50,results/models/policy_gradient__2020-11-25_19-25-24,200.0
51,results/models/policy_gradient__2020-11-25_21-22-46,232.0
52,results/models/policy_gradient__2020-11-25_23-19-21,264.0
53,results/models/policy_gradient__2020-11-26_01-05-27,296.0
54,results/models/policy_gradient__2020-11-26_12-14-07,328.0
55,results/models/policy_gradient__2020-11-26_14-19-15,360.0
56,results/models/policy_gradient__2020-11-26_17-31-02,392.0
57,results/models/policy_gradient__2020-11-26_20-03-25,424.0
58,results/models/policy_gradient__2020-11-26_21-42-03,456.0
59,results/models/policy_gradient__2020-11-26_23-21-52,488.0
60,results/models/policy_gradient__2020-11-25_19-25-24,200.0
61,results/models/policy_gradient__2020-11-25_21-22-46,232.0
62,results/models/policy_gradient__2020-11-25_23-19-21,264.0
63,results/models/policy_gradient__2020-11-26_01-05-27,296.0
64,results/models/policy_gradient__2020-11-26_12-14-07,328.0
65,results/models/policy_gradient__2020-11-26_14-19-15,360.0
66,results/models/policy_gradient__2020-11-26_17-31-02,392.0
67,results/models/policy_gradient__2020-11-26_20-03-25,424.0
68,results/models/policy_gradient__2020-11-26_21-42-03,456.0
69,results/models/policy_gradient__2020-11-26_23-21-52,488.0
70,results/models/policy_gradient__2020-11-25_19-25-24,200.0
71,results/models/policy_gradient__2020-11-25_21-22-46,232.0
72,results/models/policy_gradient__2020-11-25_23-19-21,264.0
73,results/models/policy_gradient__2020-11-26_01-05-27,296.0
74,results/models/policy_gradient__2020-11-26_12-14-07,328.0
75,results/models/policy_gradient__2020-11-26_14-19-15,360.0
76,results/models/policy_gradient__2020-11-26_17-31-02,392.0
77,results/models/policy_gradient__2020-11-26_20-03-25,424.0
78,results/models/policy_gradient__2020-11-26_21-42-03,456.0
79,results/models/policy_gradient__2020-11-26_23-21-52,488.0
80,results/models/policy_gradient__2020-11-25_19-25-24,200.0
81,results/models/policy_gradient__2020-11-25_21-22-46,232.0
82,results/models/policy_gradient__2020-11-25_23-19-21,264.0
83,results/models/policy_gradient__2020-11-26_01-05-27,296.0
84,results/models/policy_gradient__2020-11-26_12-14-07,328.0
85,results/models/policy_gradient__2020-11-26_14-19-15,360.0
86,results/models/policy_gradient__2020-11-26_17-31-02,392.0
87,results/models/policy_gradient__2020-11-26_20-03-25,424.0
88,results/models/policy_gradient__2020-11-26_21-42-03,456.0
89,results/models/policy_gradient__2020-11-26_23-21-52,488.0
90,results/models/policy_gradient__2020-11-25_19-25-24,200.0
91,results/models/policy_gradient__2020-11-25_21-22-46,232.0
92,results/models/policy_gradient__2020-11-25_23-19-21,264.0
93,results/models/policy_gradient__2020-11-26_01-05-27,296.0
94,results/models/policy_gradient__2020-11-26_12-14-07,328.0
95,results/models/policy_gradient__2020-11-26_14-19-15,360.0
96,results/models/policy_gradient__2020-11-26_17-31-02,392.0
97,results/models/policy_gradient__2020-11-26_20-03-25,424.0
98,results/models/policy_gradient__2020-11-26_21-42-03,456.0
99,results/models/policy_gradient__2020-11-26_23-21-52,488.0
100,results/models/policy_gradient__2020-11-25_19-25-24,200.0
101,results/models/policy_gradient__2020-11-25_21-22-46,232.0
102,results/models/policy_gradient__2020-11-25_23-19-21,264.0
103,results/models/policy_gradient__2020-11-26_01-05-27,296.0
104,results/models/policy_gradient__2020-11-26_12-14-07,328.0
105,results/models/policy_gradient__2020-11-26_14-19-15,360.0
106,results/models/policy_gradient__2020-11-26_17-31-02,392.0
107,results/models/policy_gradient__2020-11-26_20-03-25,424.0
108,results/models/policy_gradient__2020-11-26_21-42-03,456.0
109,results/models/policy_gradient__2020-11-26_23-21-52,488.0
110,results/models/policy_gradient__2020-11-25_19-25-24,200.0
111,results/models/policy_gradient__2020-11-25_21-22-46,232.0
112,results/models/policy_gradient__2020-11-25_23-19-21,264.0
113,results/models/policy_gradient__2020-11-26_01-05-27,296.0
114,results/models/policy_gradient__2020-11-26_12-14-07,328.0
115,results/models/policy_gradient__2020-11-26_14-19-15,360.0
116,results/models/policy_gradient__2020-11-26_17-31-02,392.0
117,results/models/policy_gradient__2020-11-26_20-03-25,424.0
118,results/models/policy_gradient__2020-11-26_21-42-03,456.0
119,results/models/policy_gradient__2020-11-26_23-21-52,488.0
120,results/models/policy_gradient__2020-11-25_19-25-24,200.0
121,results/models/policy_gradient__2020-11-25_21-22-46,232.0
122,results/models/policy_gradient__2020-11-25_23-19-21,264.0
123,results/models/policy_gradient__2020-11-26_01-05-27,296.0
124,results/models/policy_gradient__2020-11-26_12-14-07,328.0
125,results/models/policy_gradient__2020-11-26_14-19-15,360.0
126,results/models/policy_gradient__2020-11-26_17-31-02,392.0
127,results/models/policy_gradient__2020-11-26_20-03-25,424.0
128,results/models/policy_gradient__2020-11-26_21-42-03,456.0
129,results/models/policy_gradient__2020-11-26_23-21-52,488.0
130,results/models/policy_gradient__2020-11-25_19-25-24,200.0
131,results/models/policy_gradient__2020-11-25_21-22-46,232.0
132,results/models/policy_gradient__2020-11-25_23-19-21,264.0
133,results/models/policy_gradient__2020-11-26_01-05-27,296.0
134,results/models/policy_gradient__2020-11-26_12-14-07,328.0
135,results/models/policy_gradient__2020-11-26_14-19-15,360.0
136,results/models/policy_gradient__2020-11-26_17-31-02,392.0
137,results/models/policy_gradient__2020-11-26_20-03-25,424.0
138,results/models/policy_gradient__2020-11-26_21-42-03,456.0
139,results/models/policy_gradient__2020-11-26_23-21-52,488.0
140,results/models/policy_gradient__2020-11-25_19-25-24,200.0
141,results/models/policy_gradient__2020-11-25_21-22-46,232.0
142,results/models/policy_gradient__2020-11-25_23-19-21,264.0
143,results/models/policy_gradient__2020-11-26_01-05-27,296.0
144,results/models/policy_gradient__2020-11-26_12-14-07,328.0
145,results/models/policy_gradient__2020-11-26_14-19-15,360.0
146,results/models/policy_gradient__2020-11-26_17-31-02,392.0
147,results/models/policy_gradient__2020-11-26_20-03-25,424.0
148,results/models/policy_gradient__2020-11-26_21-42-03,456.0
149,results/models/policy_gradient__2020-11-26_23-21-52,488.0
150,results/models/policy_gradient__2020-11-25_19-25-24,200.0
151,results/models/policy_gradient__2020-11-25_21-22-46,232.0
152,results/models/policy_gradient__2020-11-25_23-19-21,264.0
153,results/models/policy_gradient__2020-11-26_01-05-27,296.0
154,results/models/policy_gradient__2020-11-26_12-14-07,328.0
155,results/models/policy_gradient__2020-11-26_14-19-15,360.0
156,results/models/policy_gradient__2020-11-26_17-31-02,392.0
157,results/models/policy_gradient__2020-11-26_20-03-25,424.0
158,results/models/policy_gradient__2020-11-26_21-42-03,456.0
159,results/models/policy_gradient__2020-11-26_23-21-52,488.0
160,results/models/policy_gradient__2020-11-25_19-25-24,200.0
161,results/models/policy_gradient__2020-11-25_21-22-46,232.0
162,results/models/policy_gradient__2020-11-25_23-19-21,264.0
163,results/models/policy_gradient__2020-11-26_01-05-27,296.0
164,results/models/policy_gradient__2020-11-26_12-14-07,328.0
165,results/models/policy_gradient__2020-11-26_14-19-15,360.0
166,results/models/policy_gradient__2020-11-26_17-31-02,392.0
167,results/models/policy_gradient__2020-11-26_20-03-25,424.0
168,results/models/policy_gradient__2020-11-26_21-42-03,456.0
169,results/models/policy_gradient__2020-11-26_23-21-52,488.0
170,results/models/policy_gradient__2020-11-25_19-25-24,200.0
171,results/models/policy_gradient__2020-11-25_21-22-46,232.0
172,results/models/policy_gradient__2020-11-25_23-19-21,264.0
173,results/models/policy_gradient__2020-11-26_01-05-27,296.0
174,results/models/policy_gradient__2020-11-26_12-14-07,328.0
175,results/models/policy_gradient__2020-11-26_14-19-15,360.0
176,results/models/policy_gradient__2020-11-26_17-31-02,392.0
177,results/models/policy_gradient__2020-11-26_20-03-25,424.0
178,results/models/policy_gradient__2020-11-26_21-42-03,456.0
179,results/models/policy_gradient__2020-11-26_23-21-52,488.0
180,results/models/policy_gradient__2020-11-25_19-25-24,200.0
181,results/models/policy_gradient__2020-11-25_21-22-46,232.0
182,results/models/policy_gradient__2020-11-25_23-19-21,264.0
183,results/models/policy_gradient__2020-11-26_01-05-27,296.0
184,results/models/policy_gradient__2020-11-26_12-14-07,328.0
185,results/models/policy_gradient__2020-11-26_14-19-15,360.0
186,results/models/policy_gradient__2020-11-26_17-31-02,392.0
187,results/models/policy_gradient__2020-11-26_20-03-25,424.0
188,results/models/policy_gradient__2020-11-26_21-42-03,456.0
189,results/models/policy_gradient__2020-11-26_23-21-52,488.0
190,results/models/policy_gradient__2020-11-25_19-25-24,200.0
191,results/models/policy_gradient__2020-11-25_21-22-46,232.0
192,results/models/policy_gradient__2020-11-25_23-19-21,264.0
193,results/models/policy_gradient__2020-11-26_01-05-27,296.0
194,results/models/policy_gradient__2020-11-26_12-14-07,328.0
195,results/models/policy_gradient__2020-11-26_14-19-15,360.0
196,results/models/policy_gradient__2020-11-26_17-31-02,392.0
197,results/models/policy_gradient__2020-11-26_20-03-25,424.0
198,results/models/policy_gradient__2020-11-26_21-42-03,456.0
199,results/models/policy_gradient__2020-11-26_23-21-52,488.0
200,results/models/policy_gradient__2020-11-25_19-29-05,201.0
201,results/models/policy_gradient__2020-11-25_21-22-46,232.0
202,results/models/policy_gradient__2020-11-25_23-23-37,265.0
203,results/models/policy_gradient__2020-11-26_01-08-34,297.0
204,results/models/policy_gradient__2020-11-26_12-14-07,328.0
205,results/models/policy_gradient__2020-11-26_14-19-15,360.0
206,results/models/policy_gradient__2020-11-26_17-35-50,393.0
207,results/models/policy_gradient__2020-11-26_20-06-27,425.0
208,results/models/policy_gradient__2020-11-26_21-45-04,457.0
209,results/models/policy_gradient__2020-11-26_23-21-52,488.0
210,results/models/policy_gradient__2020-11-25_19-25-24,200.0
211,results/models/policy_gradient__2020-11-25_21-26-39,233.0
212,results/models/policy_gradient__2020-11-25_23-19-21,264.0
213,results/models/policy_gradient__2020-11-26_01-05-27,296.0
214,results/models/policy_gradient__2020-11-26_12-14-07,328.0
215,results/models/policy_gradient__2020-11-26_14-22-30,361.0
216,results/models/policy_gradient__2020-11-26_17-35-50,393.0
217,results/models/policy_gradient__2020-11-26_20-03-25,424.0
218,results/models/policy_gradient__2020-11-26_21-45-04,457.0
219,results/models/policy_gradient__2020-11-26_23-25-15,489.0
220,results/models/policy_gradient__2020-11-25_19-25-24,200.0
221,results/models/policy_gradient__2020-11-25_21-26-39,233.0
222,results/models/policy_gradient__2020-11-25_23-19-21,264.0
223,results/models/policy_gradient__2020-11-26_01-05-27,296.0
224,results/models/policy_gradient__2020-11-26_12-14-07,328.0
225,results/models/policy_gradient__2020-11-26_14-22-30,361.0
226,results/models/policy_gradient__2020-11-26_17-35-50,393.0
227,results/models/policy_gradient__2020-11-26_20-03-25,424.0
228,results/models/policy_gradient__2020-11-26_21-45-04,457.0
229,results/models/policy_gradient__2020-11-26_23-25-15,489.0
230,results/models/policy_gradient__2020-11-25_19-25-24,200.0
231,results/models/policy_gradient__2020-11-25_21-22-46,232.0
232,results/models/policy_gradient__2020-11-25_23-19-21,264.0
233,results/models/policy_gradient__2020-11-26_01-08-34,297.0
234,results/models/policy_gradient__2020-11-26_12-18-09,329.0
235,results/models/policy_gradient__2020-11-26_14-19-15,360.0
236,results/models/policy_gradient__2020-11-26_17-31-02,392.0
237,results/models/policy_gradient__2020-11-26_20-06-27,425.0
238,results/models/policy_gradient__2020-11-26_21-42-03,456.0
239,results/models/policy_gradient__2020-11-26_23-25-15,489.0
240,results/models/policy_gradient__2020-11-25_19-29-05,201.0
241,results/models/policy_gradient__2020-11-25_21-22-46,232.0
242,results/models/policy_gradient__2020-11-25_23-23-37,265.0
243,results/models/policy_gradient__2020-11-26_01-08-34,297.0
244,results/models/policy_gradient__2020-11-26_12-14-07,328.0
245,results/models/policy_gradient__2020-11-26_14-19-15,360.0
246,results/models/policy_gradient__2020-11-26_17-35-50,393.0
247,results/models/policy_gradient__2020-11-26_20-06-27,425.0
248,results/models/policy_gradient__2020-11-26_21-45-04,457.0
249,results/models/policy_gradient__2020-11-26_23-21-52,488.0
250,results/models/policy_gradient__2020-11-25_19-29-05,201.0
251,results/models/policy_gradient__2020-11-25_21-22-46,232.0
252,results/models/policy_gradient__2020-11-25_23-23-37,265.0
253,results/models/policy_gradient__2020-11-26_01-08-34,297.0
254,results/models/policy_gradient__2020-11-26_12-18-09,329.0
255,results/models/policy_gradient__2020-11-26_14-19-15,360.0
256,results/models/policy_gradient__2020-11-26_17-31-02,392.0
257,results/models/policy_gradient__2020-11-26_20-06-27,425.0
258,results/models/policy_gradient__2020-11-26_21-42-03,456.0
259,results/models/policy_gradient__2020-11-26_23-21-52,488.0
260,results/models/policy_gradient__2020-11-25_19-29-05,201.0
261,results/models/policy_gradient__2020-11-25_21-22-46,232.0
262,results/models/policy_gradient__2020-11-25_23-23-37,265.0
263,results/models/policy_gradient__2020-11-26_01-08-34,297.0
264,results/models/policy_gradient__2020-11-26_12-14-07,328.0
265,results/models/policy_gradient__2020-11-26_14-19-15,360.0
266,results/models/policy_gradient__2020-11-26_17-35-50,393.0
267,results/models/policy_gradient__2020-11-26_20-06-27,425.0
268,results/models/policy_gradient__2020-11-26_21-42-03,456.0
269,results/models/policy_gradient__2020-11-26_23-21-52,488.0
270,results/models/policy_gradient__2020-11-25_19-25-24,200.0
271,results/models/policy_gradient__2020-11-25_21-22-46,232.0
272,results/models/policy_gradient__2020-11-25_23-19-21,264.0
273,results/models/policy_gradient__2020-11-26_01-05-27,296.0
274,results/models/policy_gradient__2020-11-26_12-18-09,329.0
275,results/models/policy_gradient__2020-11-26_14-22-30,361.0
276,results/models/policy_gradient__2020-11-26_17-31-02,392.0
277,results/models/policy_gradient__2020-11-26_20-06-27,425.0
278,results/models/policy_gradient__2020-11-26_21-42-03,456.0
279,results/models/policy_gradient__2020-11-26_23-25-15,489.0
280,results/models/policy_gradient__2020-11-25_19-25-24,200.0
281,results/models/policy_gradient__2020-11-25_21-26-39,233.0
282,results/models/policy_gradient__2020-11-25_23-19-21,264.0
283,results/models/policy_gradient__2020-11-26_01-05-27,296.0
284,results/models/policy_gradient__2020-11-26_12-14-07,328.0
285,results/models/policy_gradient__2020-11-26_14-22-30,361.0
286,results/models/policy_gradient__2020-11-26_17-35-50,393.0
287,results/models/policy_gradient__2020-11-26_20-03-25,424.0
288,results/models/policy_gradient__2020-11-26_21-45-04,457.0
289,results/models/policy_gradient__2020-11-26_23-25-15,489.0
290,results/models/policy_gradient__2020-11-25_19-25-24,200.0
291,results/models/policy_gradient__2020-11-25_21-22-46,232.0
292,results/models/policy_gradient__2020-11-25_23-19-21,264.0
293,results/models/policy_gradient__2020-11-26_01-08-34,297.0
294,results/models/policy_gradient__2020-11-26_12-18-09,329.0
295,results/models/policy_gradient__2020-11-26_14-19-15,360.0
296,results/models/policy_gradient__2020-11-26_17-31-02,392.0
297,results/models/policy_gradient__2020-11-26_20-06-27,425.0
298,results/models/policy_gradient__2020-11-26_21-42-03,456.0
299,results/models/policy_gradient__2020-11-26_23-21-52,488.0
300,results/models/policy_gradient__2020-11-25_19-29-05,201.0
301,results/models/policy_gradient__2020-11-25_21-22-46,232.0
302,results/models/policy_gradient__2020-11-25_23-23-37,265.0
303,results/models/policy_gradient__2020-11-26_01-08-34,297.0
304,results/models/policy_gradient__2020-11-26_12-18-09,329.0
305,results/models/policy_gradient__2020-11-26_14-19-15,360.0
306,results/models/policy_gradient__2020-11-26_17-31-02,392.0
307,results/models/policy_gradient__2020-11-26_20-06-27,425.0
308,results/models/policy_gradient__2020-11-26_21-45-04,457.0
309,results/models/policy_gradient__2020-11-26_23-21-52,488.0
310,results/models/policy_gradient__2020-11-25_19-29-05,201.0
311,results/models/policy_gradient__2020-11-25_21-26-39,233.0
312,results/models/policy_gradient__2020-11-25_23-19-21,264.0
313,results/models/policy_gradient__2020-11-26_01-05-27,296.0
314,results/models/policy_gradient__2020-11-26_12-14-07,328.0
315,results/models/policy_gradient__2020-11-26_14-22-30,361.0
316,results/models/policy_gradient__2020-11-26_17-35-50,393.0
317,results/models/policy_gradient__2020-11-26_20-03-25,424.0
318,results/models/policy_gradient__2020-11-26_21-45-04,457.0
319,results/models/policy_gradient__2020-11-26_23-25-15,489.0
320,results/models/policy_gradient__2020-11-25_19-25-24,200.0
321,results/models/policy_gradient__2020-11-25_21-26-39,233.0
322,results/models/policy_gradient__2020-11-25_23-19-21,264.0
323,results/models/policy_gradient__2020-11-26_01-05-27,296.0
324,results/models/policy_gradient__2020-11-26_12-14-07,328.0
325,results/models/policy_gradient__2020-11-26_14-22-30,361.0
326,results/models/policy_gradient__2020-11-26_17-35-50,393.0
327,results/models/policy_gradient__2020-11-26_20-03-25,424.0
328,results/models/policy_gradient__2020-11-26_21-42-03,456.0
329,results/models/policy_gradient__2020-11-26_23-25-15,489.0
330,results/models/policy_gradient__2020-11-25_19-25-24,200.0
331,results/models/policy_gradient__2020-11-25_21-26-39,233.0
332,results/models/policy_gradient__2020-11-25_23-19-21,264.0
333,results/models/policy_gradient__2020-11-26_01-05-27,296.0
334,results/models/policy_gradient__2020-11-26_12-14-07,328.0
335,results/models/policy_gradient__2020-11-26_14-22-30,361.0
336,results/models/policy_gradient__2020-11-26_17-35-50,393.0
337,results/models/policy_gradient__2020-11-26_20-03-25,424.0
338,results/models/policy_gradient__2020-11-26_21-45-04,457.0
339,results/models/policy_gradient__2020-11-26_23-25-15,489.0
340,results/models/policy_gradient__2020-11-25_19-29-05,201.0
341,results/models/policy_gradient__2020-11-25_21-26-39,233.0
342,results/models/policy_gradient__2020-11-25_23-23-37,265.0
343,results/models/policy_gradient__2020-11-26_01-05-27,296.0
344,results/models/policy_gradient__2020-11-26_12-14-07,328.0
345,results/models/policy_gradient__2020-11-26_14-22-30,361.0
346,results/models/policy_gradient__2020-11-26_17-35-50,393.0
347,results/models/policy_gradient__2020-11-26_20-03-25,424.0
348,results/models/policy_gradient__2020-11-26_21-45-04,457.0
349,results/models/policy_gradient__2020-11-26_23-25-15,489.0
350,results/models/policy_gradient__2020-11-25_19-29-05,201.0
351,results/models/policy_gradient__2020-11-25_21-22-46,232.0
352,results/models/policy_gradient__2020-11-25_23-23-37,265.0
353,results/models/policy_gradient__2020-11-26_01-08-34,297.0
354,results/models/policy_gradient__2020-11-26_12-14-07,328.0
355,results/models/policy_gradient__2020-11-26_14-19-15,360.0
356,results/models/policy_gradient__2020-11-26_17-35-50,393.0
357,results/models/policy_gradient__2020-11-26_20-06-27,425.0
358,results/models/policy_gradient__2020-11-26_21-45-04,457.0
359,results/models/policy_gradient__2020-11-26_23-21-52,488.0
360,results/models/policy_gradient__2020-11-25_19-25-24,200.0
361,results/models/policy_gradient__2020-11-25_21-26-39,233.0
362,results/models/policy_gradient__2020-11-25_23-19-21,264.0
363,results/models/policy_gradient__2020-11-26_01-05-27,296.0
364,results/models/policy_gradient__2020-11-26_12-14-07,328.0
365,results/models/policy_gradient__2020-11-26_14-22-30,361.0
366,results/models/policy_gradient__2020-11-26_17-35-50,393.0
367,results/models/policy_gradient__2020-11-26_20-03-25,424.0
368,results/models/policy_gradient__2020-11-26_21-45-04,457.0
369,results/models/policy_gradient__2020-11-26_23-25-15,489.0
370,results/models/policy_gradient__2020-11-25_19-29-05,201.0
371,results/models/policy_gradient__2020-11-25_21-22-46,232.0
372,results/models/policy_gradient__2020-11-25_23-23-37,265.0
373,results/models/policy_gradient__2020-11-26_01-08-34,297.0
374,results/models/policy_gradient__2020-11-26_12-18-09,329.0
375,results/models/policy_gradient__2020-11-26_14-19-15,360.0
376,results/models/policy_gradient__2020-11-26_17-31-02,392.0
377,results/models/policy_gradient__2020-11-26_20-06-27,425.0
378,results/models/policy_gradient__2020-11-26_21-45-04,457.0
379,results/models/policy_gradient__2020-11-26_23-21-52,488.0
380,results/models/policy_gradient__2020-11-25_19-29-05,201.0
381,results/models/policy_gradient__2020-11-25_21-22-46,232.0
382,results/models/policy_gradient__2020-11-25_23-23-37,265.0
383,results/models/policy_gradient__2020-11-26_01-08-34,297.0
384,results/models/policy_gradient__2020-11-26_12-18-09,329.0
385,results/models/policy_gradient__2020-11-26_14-19-15,360.0
386,results/models/policy_gradient__2020-11-26_17-31-02,392.0
387,results/models/policy_gradient__2020-11-26_20-06-27,425.0
388,results/models/policy_gradient__2020-11-26_21-42-03,456.0
389,results/models/policy_gradient__2020-11-26_23-21-52,488.0
390,results/models/policy_gradient__2020-11-25_19-29-05,201.0
391,results/models/policy_gradient__2020-11-25_21-22-46,232.0
392,results/models/policy_gradient__2020-11-25_23-23-37,265.0
393,results/models/policy_gradient__2020-11-26_01-08-34,297.0
394,results/models/policy_gradient__2020-11-26_12-18-09,329.0
395,results/models/policy_gradient__2020-11-26_14-19-15,360.0
396,results/models/policy_gradient__2020-11-26_17-31-02,392.0
397,results/models/policy_gradient__2020-11-26_20-06-27,425.0
398,results/models/policy_gradient__2020-11-26_21-42-03,456.0
399,results/models/policy_gradient__2020-11-26_23-21-52,488.0
400,results/models/policy_gradient__2020-11-25_19-29-05,201.0
401,results/models/policy_gradient__2020-11-25_21-29-44,234.0
402,results/models/policy_gradient__2020-11-25_23-23-37,265.0
403,results/models/policy_gradient__2020-11-26_01-11-36,298.0
404,results/models/policy_gradient__2020-11-26_12-22-41,330.0
405,results/models/policy_gradient__2020-11-26_14-25-34,362.0
406,results/models/policy_gradient__2020-11-26_17-35-50,393.0
407,results/models/policy_gradient__2020-11-26_20-12-29,427.0
408,results/models/policy_gradient__2020-11-26_21-48-06,458.0
409,results/models/policy_gradient__2020-11-26_23-21-52,488.0
410,results/models/policy_gradient__2020-11-25_19-35-58,203.0
411,results/models/policy_gradient__2020-11-25_21-26-39,233.0
412,results/models/policy_gradient__2020-11-25_23-26-54,266.0
413,results/models/policy_gradient__2020-11-26_01-05-27,296.0
414,results/models/policy_gradient__2020-11-26_12-14-07,328.0
415,results/models/policy_gradient__2020-11-26_14-22-30,361.0
416,results/models/policy_gradient__2020-11-26_17-45-58,395.0
417,results/models/policy_gradient__2020-11-26_20-03-25,424.0
418,results/models/policy_gradient__2020-11-26_21-51-06,459.0
419,results/models/policy_gradient__2020-11-26_23-28-56,490.0
420,results/models/policy_gradient__2020-11-25_19-35-58,203.0
421,results/models/policy_gradient__2020-11-25_21-26-39,233.0
422,results/models/policy_gradient__2020-11-25_23-26-54,266.0
423,results/models/policy_gradient__2020-11-26_01-05-27,296.0
424,results/models/policy_gradient__2020-11-26_12-14-07,328.0
425,results/models/policy_gradient__2020-11-26_14-22-30,361.0
426,results/models/policy_gradient__2020-11-26_17-45-58,395.0
427,results/models/policy_gradient__2020-11-26_20-03-25,424.0
428,results/models/policy_gradient__2020-11-26_21-51-06,459.0
429,results/models/policy_gradient__2020-11-26_23-28-56,490.0
430,results/models/policy_gradient__2020-11-25_19-25-24,200.0
431,results/models/policy_gradient__2020-11-25_21-22-46,232.0
432,results/models/policy_gradient__2020-11-25_23-19-21,264.0
433,results/models/policy_gradient__2020-11-26_01-14-26,299.0
434,results/models/policy_gradient__2020-11-26_12-18-09,329.0
435,results/models/policy_gradient__2020-11-26_14-19-15,360.0
436,results/models/policy_gradient__2020-11-26_17-31-02,392.0
437,results/models/policy_gradient__2020-11-26_20-06-27,425.0
438,results/models/policy_gradient__2020-11-26_21-42-03,456.0
439,results/models/policy_gradient__2020-11-26_23-32-37,491.0
440,results/models/policy_gradient__2020-11-25_19-29-05,201.0
441,results/models/policy_gradient__2020-11-25_21-29-44,234.0
442,results/models/policy_gradient__2020-11-25_23-23-37,265.0
443,results/models/policy_gradient__2020-11-26_01-11-36,298.0
444,results/models/policy_gradient__2020-11-26_12-22-41,330.0
445,results/models/policy_gradient__2020-11-26_14-25-34,362.0
446,results/models/policy_gradient__2020-11-26_17-35-50,393.0
447,results/models/policy_gradient__2020-11-26_20-12-29,427.0
448,results/models/policy_gradient__2020-11-26_21-48-06,458.0
449,results/models/policy_gradient__2020-11-26_23-21-52,488.0
450,results/models/policy_gradient__2020-11-25_19-29-05,201.0
451,results/models/policy_gradient__2020-11-25_21-22-46,232.0
452,results/models/policy_gradient__2020-11-25_23-30-07,267.0
453,results/models/policy_gradient__2020-11-26_01-08-34,297.0
454,results/models/policy_gradient__2020-11-26_12-28-49,331.0
455,results/models/policy_gradient__2020-11-26_14-28-45,363.0
456,results/models/policy_gradient__2020-11-26_17-31-02,392.0
457,results/models/policy_gradient__2020-11-26_20-06-27,425.0
458,results/models/policy_gradient__2020-11-26_21-42-03,456.0
459,results/models/policy_gradient__2020-11-26_23-21-52,488.0
460,results/models/policy_gradient__2020-11-25_19-29-05,201.0
461,results/models/policy_gradient__2020-11-25_21-22-46,232.0
462,results/models/policy_gradient__2020-11-25_23-23-37,265.0
463,results/models/policy_gradient__2020-11-26_01-11-36,298.0
464,results/models/policy_gradient__2020-11-26_12-22-41,330.0
465,results/models/policy_gradient__2020-11-26_14-25-34,362.0
466,results/models/policy_gradient__2020-11-26_17-35-50,393.0
467,results/models/policy_gradient__2020-11-26_20-12-29,427.0
468,results/models/policy_gradient__2020-11-26_21-48-06,458.0
469,results/models/policy_gradient__2020-11-26_23-21-52,488.0
470,results/models/policy_gradient__2020-11-25_19-25-24,200.0
471,results/models/policy_gradient__2020-11-25_21-22-46,232.0
472,results/models/policy_gradient__2020-11-25_23-19-21,264.0
473,results/models/policy_gradient__2020-11-26_01-14-26,299.0
474,results/models/policy_gradient__2020-11-26_12-18-09,329.0
475,results/models/policy_gradient__2020-11-26_14-22-30,361.0
476,results/models/policy_gradient__2020-11-26_17-40-34,394.0
477,results/models/policy_gradient__2020-11-26_20-09-29,426.0
478,results/models/policy_gradient__2020-11-26_21-51-06,459.0
479,results/models/policy_gradient__2020-11-26_23-32-37,491.0
480,results/models/policy_gradient__2020-11-25_19-35-58,203.0
481,results/models/policy_gradient__2020-11-25_21-26-39,233.0
482,results/models/policy_gradient__2020-11-25_23-26-54,266.0
483,results/models/policy_gradient__2020-11-26_01-05-27,296.0
484,results/models/policy_gradient__2020-11-26_12-14-07,328.0
485,results/models/policy_gradient__2020-11-26_14-22-30,361.0
486,results/models/policy_gradient__2020-11-26_17-45-58,395.0
487,results/models/policy_gradient__2020-11-26_20-03-25,424.0
488,results/models/policy_gradient__2020-11-26_21-51-06,459.0
489,results/models/policy_gradient__2020-11-26_23-28-56,490.0
490,results/models/policy_gradient__2020-11-25_19-25-24,200.0
491,results/models/policy_gradient__2020-11-25_21-22-46,232.0
492,results/models/policy_gradient__2020-11-25_23-30-07,267.0
493,results/models/policy_gradient__2020-11-26_01-08-34,297.0
494,results/models/policy_gradient__2020-11-26_12-28-49,331.0
495,results/models/policy_gradient__2020-11-26_14-19-15,360.0
496,results/models/policy_gradient__2020-11-26_17-31-02,392.0
497,results/models/policy_gradient__2020-11-26_20-06-27,425.0
498,results/models/policy_gradient__2020-11-26_21-42-03,456.0
499,results/models/policy_gradient__2020-11-26_23-32-37,491.0
500,results/models/policy_gradient__2020-11-25_19-29-05,201.0
501,results/models/policy_gradient__2020-11-25_21-32-47,235.0
502,results/models/policy_gradient__2020-11-25_23-30-07,267.0
503,results/models/policy_gradient__2020-11-26_01-08-34,297.0
504,results/models/policy_gradient__2020-11-26_12-28-49,331.0
505,results/models/policy_gradient__2020-11-26_14-28-45,363.0
506,results/models/policy_gradient__2020-11-26_17-31-02,392.0
507,results/models/policy_gradient__2020-11-26_20-06-27,425.0
508,results/models/policy_gradient__2020-11-26_21-45-04,457.0
509,results/models/policy_gradient__2020-11-26_23-21-52,488.0
510,results/models/policy_gradient__2020-11-25_19-35-58,203.0
511,results/models/policy_gradient__2020-11-25_21-26-39,233.0
512,results/models/policy_gradient__2020-11-25_23-26-54,266.0
513,results/models/policy_gradient__2020-11-26_01-05-27,296.0
514,results/models/policy_gradient__2020-11-26_12-14-07,328.0
515,results/models/policy_gradient__2020-11-26_14-22-30,361.0
516,results/models/policy_gradient__2020-11-26_17-45-58,395.0
517,results/models/policy_gradient__2020-11-26_20-03-25,424.0
518,results/models/policy_gradient__2020-11-26_21-51-06,459.0
519,results/models/policy_gradient__2020-11-26_23-28-56,490.0
520,results/models/policy_gradient__2020-11-25_19-35-58,203.0
521,results/models/policy_gradient__2020-11-25_21-26-39,233.0
522,results/models/policy_gradient__2020-11-25_23-26-54,266.0
523,results/models/policy_gradient__2020-11-26_01-05-27,296.0
524,results/models/policy_gradient__2020-11-26_12-14-07,328.0
525,results/models/policy_gradient__2020-11-26_14-22-30,361.0
526,results/models/policy_gradient__2020-11-26_17-45-58,395.0
527,results/models/policy_gradient__2020-11-26_20-03-25,424.0
528,results/models/policy_gradient__2020-11-26_21-51-06,459.0
529,results/models/policy_gradient__2020-11-26_23-28-56,490.0
530,results/models/policy_gradient__2020-11-25_19-35-58,203.0
531,results/models/policy_gradient__2020-11-25_21-26-39,233.0
532,results/models/policy_gradient__2020-11-25_23-26-54,266.0
533,results/models/policy_gradient__2020-11-26_01-05-27,296.0
534,results/models/policy_gradient__2020-11-26_12-14-07,328.0
535,results/models/policy_gradient__2020-11-26_14-22-30,361.0
536,results/models/policy_gradient__2020-11-26_17-45-58,395.0
537,results/models/policy_gradient__2020-11-26_20-03-25,424.0
538,results/models/policy_gradient__2020-11-26_21-51-06,459.0
539,results/models/policy_gradient__2020-11-26_23-28-56,490.0
540,results/models/policy_gradient__2020-11-25_19-32-24,202.0
541,results/models/policy_gradient__2020-11-25_21-26-39,233.0
542,results/models/policy_gradient__2020-11-25_23-26-54,266.0
543,results/models/policy_gradient__2020-11-26_01-05-27,296.0
544,results/models/policy_gradient__2020-11-26_12-14-07,328.0
545,results/models/policy_gradient__2020-11-26_14-22-30,361.0
546,results/models/policy_gradient__2020-11-26_17-45-58,395.0
547,results/models/policy_gradient__2020-11-26_20-03-25,424.0
548,results/models/policy_gradient__2020-11-26_21-51-06,459.0
549,results/models/policy_gradient__2020-11-26_23-28-56,490.0
550,results/models/policy_gradient__2020-11-25_19-29-05,201.0
551,results/models/policy_gradient__2020-11-25_21-29-44,234.0
552,results/models/policy_gradient__2020-11-25_23-23-37,265.0
553,results/models/policy_gradient__2020-11-26_01-11-36,298.0
554,results/models/policy_gradient__2020-11-26_12-22-41,330.0
555,results/models/policy_gradient__2020-11-26_14-25-34,362.0
556,results/models/policy_gradient__2020-11-26_17-35-50,393.0
557,results/models/policy_gradient__2020-11-26_20-12-29,427.0
558,results/models/policy_gradient__2020-11-26_21-48-06,458.0
559,results/models/policy_gradient__2020-11-26_23-21-52,488.0
560,results/models/policy_gradient__2020-11-25_19-35-58,203.0
561,results/models/policy_gradient__2020-11-25_21-26-39,233.0
562,results/models/policy_gradient__2020-11-25_23-26-54,266.0
563,results/models/policy_gradient__2020-11-26_01-05-27,296.0
564,results/models/policy_gradient__2020-11-26_12-14-07,328.0
565,results/models/policy_gradient__2020-11-26_14-22-30,361.0
566,results/models/policy_gradient__2020-11-26_17-45-58,395.0
567,results/models/policy_gradient__2020-11-26_20-03-25,424.0
568,results/models/policy_gradient__2020-11-26_21-51-06,459.0
569,results/models/policy_gradient__2020-11-26_23-28-56,490.0
570,results/models/policy_gradient__2020-11-25_19-29-05,201.0
571,results/models/policy_gradient__2020-11-25_21-32-47,235.0
572,results/models/policy_gradient__2020-11-25_23-30-07,267.0
573,results/models/policy_gradient__2020-11-26_01-08-34,297.0
574,results/models/policy_gradient__2020-11-26_12-28-49,331.0
575,results/models/policy_gradient__2020-11-26_14-28-45,363.0
576,results/models/policy_gradient__2020-11-26_17-31-02,392.0
577,results/models/policy_gradient__2020-11-26_20-06-27,425.0
578,results/models/policy_gradient__2020-11-26_21-45-04,457.0
579,results/models/policy_gradient__2020-11-26_23-21-52,488.0
580,results/models/policy_gradient__2020-11-25_19-29-05,201.0
581,results/models/policy_gradient__2020-11-25_21-32-47,235.0
582,results/models/policy_gradient__2020-11-25_23-30-07,267.0
583,results/models/policy_gradient__2020-11-26_01-08-34,297.0
584,results/models/policy_gradient__2020-11-26_12-22-41,330.0
585,results/models/policy_gradient__2020-11-26_14-28-45,363.0
586,results/models/policy_gradient__2020-11-26_17-31-02,392.0
587,results/models/policy_gradient__2020-11-26_20-06-27,425.0
588,results/models/policy_gradient__2020-11-26_21-42-03,456.0
589,results/models/policy_gradient__2020-11-26_23-21-52,488.0
590,results/models/policy_gradient__2020-11-25_19-29-05,201.0
591,results/models/policy_gradient__2020-11-25_21-22-46,232.0
592,results/models/policy_gradient__2020-11-25_23-30-07,267.0
593,results/models/policy_gradient__2020-11-26_01-08-34,297.0
594,results/models/policy_gradient__2020-11-26_12-28-49,331.0
595,results/models/policy_gradient__2020-11-26_14-19-15,360.0
596,results/models/policy_gradient__2020-11-26_17-31-02,392.0
597,results/models/policy_gradient__2020-11-26_20-06-27,425.0
598,results/models/policy_gradient__2020-11-26_21-42-03,456.0
599,results/models/policy_gradient__2020-11-26_23-21-52,488.0
600,results/models/policy_gradient__2020-11-25_19-29-05,201.0
601,results/models/policy_gradient__2020-11-25_21-41-43,238.0
602,results/models/policy_gradient__2020-11-25_23-36-40,269.0
603,results/models/policy_gradient__2020-11-26_01-23-06,302.0
604,results/models/policy_gradient__2020-11-26_12-35-22,332.0
605,results/models/policy_gradient__2020-11-26_14-36-30,365.0
606,results/models/policy_gradient__2020-11-26_17-35-50,393.0
607,results/models/policy_gradient__2020-11-26_20-12-29,427.0
608,results/models/policy_gradient__2020-11-26_22-00-10,462.0
609,results/models/policy_gradient__2020-11-26_23-21-52,488.0
610,results/models/policy_gradient__2020-11-25_19-35-58,203.0
611,results/models/policy_gradient__2020-11-25_21-44-40,239.0
612,results/models/policy_gradient__2020-11-25_23-43-13,271.0
613,results/models/policy_gradient__2020-11-26_01-25-56,303.0
614,results/models/policy_gradient__2020-11-26_12-14-07,328.0
615,results/models/policy_gradient__2020-11-26_14-22-30,361.0
616,results/models/policy_gradient__2020-11-26_17-45-58,395.0
617,results/models/policy_gradient__2020-11-26_20-03-25,424.0
618,results/models/policy_gradient__2020-11-26_21-57-08,461.0
619,results/models/policy_gradient__2020-11-26_23-46-04,495.0
620,results/models/policy_gradient__2020-11-25_19-35-58,203.0
621,results/models/policy_gradient__2020-11-25_21-44-40,239.0
622,results/models/policy_gradient__2020-11-25_23-43-13,271.0
623,results/models/policy_gradient__2020-11-26_01-25-56,303.0
624,results/models/policy_gradient__2020-11-26_12-14-07,328.0
625,results/models/policy_gradient__2020-11-26_14-22-30,361.0
626,results/models/policy_gradient__2020-11-26_17-45-58,395.0
627,results/models/policy_gradient__2020-11-26_20-03-25,424.0
628,results/models/policy_gradient__2020-11-26_21-57-08,461.0
629,results/models/policy_gradient__2020-11-26_23-46-04,495.0
630,results/models/policy_gradient__2020-11-25_19-25-24,200.0
631,results/models/policy_gradient__2020-11-25_21-22-46,232.0
632,results/models/policy_gradient__2020-11-25_23-19-21,264.0
633,results/models/policy_gradient__2020-11-26_01-14-26,299.0
634,results/models/policy_gradient__2020-11-26_12-18-09,329.0
635,results/models/policy_gradient__2020-11-26_14-19-15,360.0
636,results/models/policy_gradient__2020-11-26_18-07-20,399.0
637,results/models/policy_gradient__2020-11-26_20-06-27,425.0
638,results/models/policy_gradient__2020-11-26_21-42-03,456.0
639,results/models/policy_gradient__2020-11-26_23-42-59,494.0
640,results/models/policy_gradient__2020-11-25_19-29-05,201.0
641,results/models/policy_gradient__2020-11-25_21-41-43,238.0
642,results/models/policy_gradient__2020-11-25_23-36-40,269.0
643,results/models/policy_gradient__2020-11-26_01-23-06,302.0
644,results/models/policy_gradient__2020-11-26_12-22-41,330.0
645,results/models/policy_gradient__2020-11-26_14-25-34,362.0
646,results/models/policy_gradient__2020-11-26_17-35-50,393.0
647,results/models/policy_gradient__2020-11-26_20-12-29,427.0
648,results/models/policy_gradient__2020-11-26_22-00-10,462.0
649,results/models/policy_gradient__2020-11-26_23-21-52,488.0
650,results/models/policy_gradient__2020-11-25_19-46-39,206.0
651,results/models/policy_gradient__2020-11-25_21-22-46,232.0
652,results/models/policy_gradient__2020-11-25_23-40-00,270.0
653,results/models/policy_gradient__2020-11-26_01-17-19,300.0
654,results/models/policy_gradient__2020-11-26_12-46-43,335.0
655,results/models/policy_gradient__2020-11-26_14-28-45,363.0
656,results/models/policy_gradient__2020-11-26_17-31-02,392.0
657,results/models/policy_gradient__2020-11-26_20-06-27,425.0
658,results/models/policy_gradient__2020-11-26_21-42-03,456.0
659,results/models/policy_gradient__2020-11-26_23-42-59,494.0
660,results/models/policy_gradient__2020-11-25_19-29-05,201.0
661,results/models/policy_gradient__2020-11-25_21-41-43,238.0
662,results/models/policy_gradient__2020-11-25_23-36-40,269.0
663,results/models/policy_gradient__2020-11-26_01-23-06,302.0
664,results/models/policy_gradient__2020-11-26_12-35-22,332.0
665,results/models/policy_gradient__2020-11-26_14-36-30,365.0
666,results/models/policy_gradient__2020-11-26_17-35-50,393.0
667,results/models/policy_gradient__2020-11-26_20-12-29,427.0
668,results/models/policy_gradient__2020-11-26_22-00-10,462.0
669,results/models/policy_gradient__2020-11-26_23-21-52,488.0
670,results/models/policy_gradient__2020-11-25_19-25-24,200.0
671,results/models/policy_gradient__2020-11-25_21-38-46,237.0
672,results/models/policy_gradient__2020-11-25_23-19-21,264.0
673,results/models/policy_gradient__2020-11-26_01-14-26,299.0
674,results/models/policy_gradient__2020-11-26_12-18-09,329.0
675,results/models/policy_gradient__2020-11-26_14-22-30,361.0
676,results/models/policy_gradient__2020-11-26_18-07-20,399.0
677,results/models/policy_gradient__2020-11-26_20-19-02,429.0
678,results/models/policy_gradient__2020-11-26_21-57-08,461.0
679,results/models/policy_gradient__2020-11-26_23-32-37,491.0
680,results/models/policy_gradient__2020-11-25_19-35-58,203.0
681,results/models/policy_gradient__2020-11-25_21-44-40,239.0
682,results/models/policy_gradient__2020-11-25_23-43-13,271.0
683,results/models/policy_gradient__2020-11-26_01-25-56,303.0
684,results/models/policy_gradient__2020-11-26_12-14-07,328.0
685,results/models/policy_gradient__2020-11-26_14-22-30,361.0
686,results/models/policy_gradient__2020-11-26_17-45-58,395.0
687,results/models/policy_gradient__2020-11-26_20-03-25,424.0
688,results/models/policy_gradient__2020-11-26_21-57-08,461.0
689,results/models/policy_gradient__2020-11-26_23-46-04,495.0
690,results/models/policy_gradient__2020-11-25_19-46-39,206.0
691,results/models/policy_gradient__2020-11-25_21-22-46,232.0
692,results/models/policy_gradient__2020-11-25_23-30-07,267.0
693,results/models/policy_gradient__2020-11-26_01-17-19,300.0
694,results/models/policy_gradient__2020-11-26_12-28-49,331.0
695,results/models/policy_gradient__2020-11-26_14-19-15,360.0
696,results/models/policy_gradient__2020-11-26_17-31-02,392.0
697,results/models/policy_gradient__2020-11-26_20-06-27,425.0
698,results/models/policy_gradient__2020-11-26_21-42-03,456.0
699,results/models/policy_gradient__2020-11-26_23-42-59,494.0
700,results/models/policy_gradient__2020-11-25_19-46-39,206.0
701,results/models/policy_gradient__2020-11-25_21-32-47,235.0
702,results/models/policy_gradient__2020-11-25_23-30-07,267.0
703,results/models/policy_gradient__2020-11-26_01-08-34,297.0
704,results/models/policy_gradient__2020-11-26_12-43-22,334.0
705,results/models/policy_gradient__2020-11-26_14-39-41,366.0
706,results/models/policy_gradient__2020-11-26_18-00-34,397.0
707,results/models/policy_gradient__2020-11-26_20-25-18,431.0
708,results/models/policy_gradient__2020-11-26_21-45-04,457.0
709,results/models/policy_gradient__2020-11-26_23-42-59,494.0
710,results/models/policy_gradient__2020-11-25_19-35-58,203.0
711,results/models/policy_gradient__2020-11-25_21-44-40,239.0
712,results/models/policy_gradient__2020-11-25_23-43-13,271.0
713,results/models/policy_gradient__2020-11-26_01-25-56,303.0
714,results/models/policy_gradient__2020-11-26_12-14-07,328.0
715,results/models/policy_gradient__2020-11-26_14-22-30,361.0
716,results/models/policy_gradient__2020-11-26_17-45-58,395.0
717,results/models/policy_gradient__2020-11-26_20-03-25,424.0
718,results/models/policy_gradient__2020-11-26_21-57-08,461.0
719,results/models/policy_gradient__2020-11-26_23-46-04,495.0
720,results/models/policy_gradient__2020-11-25_19-35-58,203.0
721,results/models/policy_gradient__2020-11-25_21-44-40,239.0
722,results/models/policy_gradient__2020-11-25_23-43-13,271.0
723,results/models/policy_gradient__2020-11-26_01-25-56,303.0
724,results/models/policy_gradient__2020-11-26_12-14-07,328.0
725,results/models/policy_gradient__2020-11-26_14-22-30,361.0
726,results/models/policy_gradient__2020-11-26_17-54-04,396.0
727,results/models/policy_gradient__2020-11-26_20-03-25,424.0
728,results/models/policy_gradient__2020-11-26_21-51-06,459.0
729,results/models/policy_gradient__2020-11-26_23-46-04,495.0
730,results/models/policy_gradient__2020-11-25_19-35-58,203.0
731,results/models/policy_gradient__2020-11-25_21-44-40,239.0
732,results/models/policy_gradient__2020-11-25_23-43-13,271.0
733,results/models/policy_gradient__2020-11-26_01-25-56,303.0
734,results/models/policy_gradient__2020-11-26_12-14-07,328.0
735,results/models/policy_gradient__2020-11-26_14-22-30,361.0
736,results/models/policy_gradient__2020-11-26_17-45-58,395.0
737,results/models/policy_gradient__2020-11-26_20-03-25,424.0
738,results/models/policy_gradient__2020-11-26_21-51-06,459.0
739,results/models/policy_gradient__2020-11-26_23-46-04,495.0
740,results/models/policy_gradient__2020-11-25_19-32-24,202.0
741,results/models/policy_gradient__2020-11-25_21-44-40,239.0
742,results/models/policy_gradient__2020-11-25_23-26-54,266.0
743,results/models/policy_gradient__2020-11-26_01-25-56,303.0
744,results/models/policy_gradient__2020-11-26_12-14-07,328.0
745,results/models/policy_gradient__2020-11-26_14-22-30,361.0
746,results/models/policy_gradient__2020-11-26_17-45-58,395.0
747,results/models/policy_gradient__2020-11-26_20-03-25,424.0
748,results/models/policy_gradient__2020-11-26_21-57-08,461.0
749,results/models/policy_gradient__2020-11-26_23-28-56,490.0
750,results/models/policy_gradient__2020-11-25_19-29-05,201.0
751,results/models/policy_gradient__2020-11-25_21-41-43,238.0
752,results/models/policy_gradient__2020-11-25_23-36-40,269.0
753,results/models/policy_gradient__2020-11-26_01-20-11,301.0
754,results/models/policy_gradient__2020-11-26_12-22-41,330.0
755,results/models/policy_gradient__2020-11-26_14-25-34,362.0
756,results/models/policy_gradient__2020-11-26_18-04-00,398.0
757,results/models/policy_gradient__2020-11-26_20-12-29,427.0
758,results/models/policy_gradient__2020-11-26_21-48-06,458.0
759,results/models/policy_gradient__2020-11-26_23-21-52,488.0
760,results/models/policy_gradient__2020-11-25_19-35-58,203.0
761,results/models/policy_gradient__2020-11-25_21-44-40,239.0
762,results/models/policy_gradient__2020-11-25_23-43-13,271.0
763,results/models/policy_gradient__2020-11-26_01-25-56,303.0
764,results/models/policy_gradient__2020-11-26_12-14-07,328.0
765,results/models/policy_gradient__2020-11-26_14-22-30,361.0
766,results/models/policy_gradient__2020-11-26_17-54-04,396.0
767,results/models/policy_gradient__2020-11-26_20-03-25,424.0
768,results/models/policy_gradient__2020-11-26_21-51-06,459.0
769,results/models/policy_gradient__2020-11-26_23-46-04,495.0
770,results/models/policy_gradient__2020-11-25_19-46-39,206.0
771,results/models/policy_gradient__2020-11-25_21-32-47,235.0
772,results/models/policy_gradient__2020-11-25_23-40-00,270.0
773,results/models/policy_gradient__2020-11-26_01-17-19,300.0
774,results/models/policy_gradient__2020-11-26_12-28-49,331.0
775,results/models/policy_gradient__2020-11-26_14-39-41,366.0
776,results/models/policy_gradient__2020-11-26_17-31-02,392.0
777,results/models/policy_gradient__2020-11-26_20-25-18,431.0
778,results/models/policy_gradient__2020-11-26_21-54-06,460.0
779,results/models/policy_gradient__2020-11-26_23-36-19,492.0
780,results/models/policy_gradient__2020-11-25_19-46-39,206.0
781,results/models/policy_gradient__2020-11-25_21-35-46,236.0
782,results/models/policy_gradient__2020-11-25_23-40-00,270.0
783,results/models/policy_gradient__2020-11-26_01-17-19,300.0
784,results/models/policy_gradient__2020-11-26_12-46-43,335.0
785,results/models/policy_gradient__2020-11-26_14-28-45,363.0
786,results/models/policy_gradient__2020-11-26_17-31-02,392.0
787,results/models/policy_gradient__2020-11-26_20-22-11,430.0
788,results/models/policy_gradient__2020-11-26_21-54-06,460.0
789,results/models/policy_gradient__2020-11-26_23-36-19,492.0
790,results/models/policy_gradient__2020-11-25_19-46-39,206.0
791,results/models/policy_gradient__2020-11-25_21-22-46,232.0
792,results/models/policy_gradient__2020-11-25_23-30-07,267.0
793,results/models/policy_gradient__2020-11-26_01-08-34,297.0
794,results/models/policy_gradient__2020-11-26_12-28-49,331.0
795,results/models/policy_gradient__2020-11-26_14-32-35,364.0
796,results/models/policy_gradient__2020-11-26_18-00-34,397.0
797,results/models/policy_gradient__2020-11-26_20-25-18,431.0
798,results/models/policy_gradient__2020-11-26_21-42-03,456.0
799,results/models/policy_gradient__2020-11-26_23-42-59,494.0
800,results/models/policy_gradient__2020-11-25_19-29-05,201.0
801,results/models/policy_gradient__2020-11-25_21-59-41,244.0
802,results/models/policy_gradient__2020-11-25_23-36-40,269.0
803,results/models/policy_gradient__2020-11-26_01-23-06,302.0
804,results/models/policy_gradient__2020-11-26_13-01-31,338.0
805,results/models/policy_gradient__2020-11-26_14-48-36,369.0
806,results/models/policy_gradient__2020-11-26_18-17-53,402.0
807,results/models/policy_gradient__2020-11-26_20-12-29,427.0
808,results/models/policy_gradient__2020-11-26_22-00-10,462.0
809,results/models/policy_gradient__2020-11-26_23-21-52,488.0
810,results/models/policy_gradient__2020-11-25_19-35-58,203.0
811,results/models/policy_gradient__2020-11-25_21-44-40,239.0
812,results/models/policy_gradient__2020-11-25_23-43-13,271.0
813,results/models/policy_gradient__2020-11-26_01-28-48,304.0
814,results/models/policy_gradient__2020-11-26_12-14-07,328.0
815,results/models/policy_gradient__2020-11-26_14-54-27,371.0
816,results/models/policy_gradient__2020-11-26_18-24-29,404.0
817,results/models/policy_gradient__2020-11-26_20-03-25,424.0
818,results/models/policy_gradient__2020-11-26_22-28-49,471.0
819,results/models/policy_gradient__2020-11-26_23-46-04,495.0
820,results/models/policy_gradient__2020-11-25_19-35-58,203.0
821,results/models/policy_gradient__2020-11-25_21-44-40,239.0
822,results/models/policy_gradient__2020-11-25_23-43-13,271.0
823,results/models/policy_gradient__2020-11-26_01-25-56,303.0
824,results/models/policy_gradient__2020-11-26_13-13-21,341.0
825,results/models/policy_gradient__2020-11-26_14-54-27,371.0
826,results/models/policy_gradient__2020-11-26_18-24-29,404.0
827,results/models/policy_gradient__2020-11-26_20-03-25,424.0
828,results/models/policy_gradient__2020-11-26_22-28-49,471.0
829,results/models/policy_gradient__2020-11-26_23-46-04,495.0
830,results/models/policy_gradient__2020-11-25_19-57-45,209.0
831,results/models/policy_gradient__2020-11-25_21-50-35,241.0
832,results/models/policy_gradient__2020-11-26_00-05-59,278.0
833,results/models/policy_gradient__2020-11-26_01-14-26,299.0
834,results/models/policy_gradient__2020-11-26_12-51-10,336.0
835,results/models/policy_gradient__2020-11-26_15-06-09,375.0
836,results/models/policy_gradient__2020-11-26_18-07-20,399.0
837,results/models/policy_gradient__2020-11-26_20-43-34,437.0
838,results/models/policy_gradient__2020-11-26_22-12-29,466.0
839,results/models/policy_gradient__2020-11-27_00-04-38,501.0
840,results/models/policy_gradient__2020-11-25_19-29-05,201.0
841,results/models/policy_gradient__2020-11-25_22-05-49,246.0
842,results/models/policy_gradient__2020-11-25_23-36-40,269.0
843,results/models/policy_gradient__2020-11-26_01-45-47,310.0
844,results/models/policy_gradient__2020-11-26_13-05-59,339.0
845,results/models/policy_gradient__2020-11-26_14-25-34,362.0
846,results/models/policy_gradient__2020-11-26_18-14-16,401.0
847,results/models/policy_gradient__2020-11-26_20-49-41,439.0
848,results/models/policy_gradient__2020-11-26_22-00-10,462.0
849,results/models/policy_gradient__2020-11-27_00-07-41,502.0
850,results/models/policy_gradient__2020-11-25_19-46-39,206.0
851,results/models/policy_gradient__2020-11-25_21-53-35,242.0
852,results/models/policy_gradient__2020-11-26_00-05-59,278.0
853,results/models/policy_gradient__2020-11-26_01-42-58,309.0
854,results/models/policy_gradient__2020-11-26_12-46-43,335.0
855,results/models/policy_gradient__2020-11-26_15-03-13,374.0
856,results/models/policy_gradient__2020-11-26_18-36-19,407.0
857,results/models/policy_gradient__2020-11-26_20-37-27,435.0
858,results/models/policy_gradient__2020-11-26_22-25-36,470.0
859,results/models/policy_gradient__2020-11-26_23-55-14,498.0
860,results/models/policy_gradient__2020-11-25_19-29-05,201.0
861,results/models/policy_gradient__2020-11-25_21-59-41,244.0
862,results/models/policy_gradient__2020-11-25_23-49-44,273.0
863,results/models/policy_gradient__2020-11-26_01-23-06,302.0
864,results/models/policy_gradient__2020-11-26_13-01-31,338.0
865,results/models/policy_gradient__2020-11-26_14-48-36,369.0
866,results/models/policy_gradient__2020-11-26_18-17-53,402.0
867,results/models/policy_gradient__2020-11-26_20-12-29,427.0
868,results/models/policy_gradient__2020-11-26_22-00-10,462.0
869,results/models/policy_gradient__2020-11-26_23-52-12,497.0
870,results/models/policy_gradient__2020-11-25_19-57-45,209.0
871,results/models/policy_gradient__2020-11-25_21-50-35,241.0
872,results/models/policy_gradient__2020-11-25_23-19-21,264.0
873,results/models/policy_gradient__2020-11-26_01-14-26,299.0
874,results/models/policy_gradient__2020-11-26_12-56-50,337.0
875,results/models/policy_gradient__2020-11-26_15-06-09,375.0
876,results/models/policy_gradient__2020-11-26_18-07-20,399.0
877,results/models/policy_gradient__2020-11-26_20-43-34,437.0
878,results/models/policy_gradient__2020-11-26_22-12-29,466.0
879,results/models/policy_gradient__2020-11-26_23-32-37,491.0
880,results/models/policy_gradient__2020-11-25_19-35-58,203.0
881,results/models/policy_gradient__2020-11-25_21-44-40,239.0
882,results/models/policy_gradient__2020-11-25_23-43-13,271.0
883,results/models/policy_gradient__2020-11-26_01-28-48,304.0
884,results/models/policy_gradient__2020-11-26_13-13-21,341.0
885,results/models/policy_gradient__2020-11-26_14-54-27,371.0
886,results/models/policy_gradient__2020-11-26_18-24-29,404.0
887,results/models/policy_gradient__2020-11-26_20-03-25,424.0
888,results/models/policy_gradient__2020-11-26_22-28-49,471.0
889,results/models/policy_gradient__2020-11-26_23-46-04,495.0
890,results/models/policy_gradient__2020-11-25_19-46-39,206.0
891,results/models/policy_gradient__2020-11-25_21-53-35,242.0
892,results/models/policy_gradient__2020-11-26_00-05-59,278.0
893,results/models/policy_gradient__2020-11-26_01-42-58,309.0
894,results/models/policy_gradient__2020-11-26_12-28-49,331.0
895,results/models/policy_gradient__2020-11-26_14-51-31,370.0
896,results/models/policy_gradient__2020-11-26_17-31-02,392.0
897,results/models/policy_gradient__2020-11-26_20-06-27,425.0
898,results/models/policy_gradient__2020-11-26_22-25-36,470.0
899,results/models/policy_gradient__2020-11-26_23-55-14,498.0
900,results/models/policy_gradient__2020-11-25_19-46-39,206.0
901,results/models/policy_gradient__2020-11-25_21-53-35,242.0
902,results/models/policy_gradient__2020-11-26_00-05-59,278.0
903,results/models/policy_gradient__2020-11-26_01-42-58,309.0
904,results/models/policy_gradient__2020-11-26_12-43-22,334.0
905,results/models/policy_gradient__2020-11-26_14-39-41,366.0
906,results/models/policy_gradient__2020-11-26_18-00-34,397.0
907,results/models/policy_gradient__2020-11-26_20-34-23,434.0
908,results/models/policy_gradient__2020-11-26_22-12-29,466.0
909,results/models/policy_gradient__2020-11-27_00-04-38,501.0
910,results/models/policy_gradient__2020-11-25_19-35-58,203.0
911,results/models/policy_gradient__2020-11-25_21-44-40,239.0
912,results/models/policy_gradient__2020-11-25_23-43-13,271.0
913,results/models/policy_gradient__2020-11-26_01-28-48,304.0
914,results/models/policy_gradient__2020-11-26_13-13-21,341.0
915,results/models/policy_gradient__2020-11-26_14-54-27,371.0
916,results/models/policy_gradient__2020-11-26_18-24-29,404.0
917,results/models/policy_gradient__2020-11-26_20-03-25,424.0
918,results/models/policy_gradient__2020-11-26_22-28-49,471.0
919,results/models/policy_gradient__2020-11-26_23-46-04,495.0
920,results/models/policy_gradient__2020-11-25_19-35-58,203.0
921,results/models/policy_gradient__2020-11-25_21-44-40,239.0
922,results/models/policy_gradient__2020-11-25_23-43-13,271.0
923,results/models/policy_gradient__2020-11-26_01-28-48,304.0
924,results/models/policy_gradient__2020-11-26_13-13-21,341.0
925,results/models/policy_gradient__2020-11-26_14-54-27,371.0
926,results/models/policy_gradient__2020-11-26_17-54-04,396.0
927,results/models/policy_gradient__2020-11-26_20-03-25,424.0
928,results/models/policy_gradient__2020-11-26_22-28-49,471.0
929,results/models/policy_gradient__2020-11-26_23-46-04,495.0
930,results/models/policy_gradient__2020-11-25_19-35-58,203.0
931,results/models/policy_gradient__2020-11-25_21-44-40,239.0
932,results/models/policy_gradient__2020-11-25_23-43-13,271.0
933,results/models/policy_gradient__2020-11-26_01-28-48,304.0
934,results/models/policy_gradient__2020-11-26_13-13-21,341.0
935,results/models/policy_gradient__2020-11-26_14-54-27,371.0
936,results/models/policy_gradient__2020-11-26_17-45-58,395.0
937,results/models/policy_gradient__2020-11-26_20-03-25,424.0
938,results/models/policy_gradient__2020-11-26_22-28-49,471.0
939,results/models/policy_gradient__2020-11-26_23-46-04,495.0
940,results/models/policy_gradient__2020-11-25_19-32-24,202.0
941,results/models/policy_gradient__2020-11-25_21-44-40,239.0
942,results/models/policy_gradient__2020-11-25_23-26-54,266.0
943,results/models/policy_gradient__2020-11-26_01-25-56,303.0
944,results/models/policy_gradient__2020-11-26_12-14-07,328.0
945,results/models/policy_gradient__2020-11-26_14-54-27,371.0
946,results/models/policy_gradient__2020-11-26_18-21-13,403.0
947,results/models/policy_gradient__2020-11-26_20-03-25,424.0
948,results/models/policy_gradient__2020-11-26_22-28-49,471.0
949,results/models/policy_gradient__2020-11-27_00-01-21,500.0
950,results/models/policy_gradient__2020-11-25_19-29-05,201.0
951,results/models/policy_gradient__2020-11-25_22-05-49,246.0
952,results/models/policy_gradient__2020-11-25_23-36-40,269.0
953,results/models/policy_gradient__2020-11-26_01-20-11,301.0
954,results/models/policy_gradient__2020-11-26_13-05-59,339.0
955,results/models/policy_gradient__2020-11-26_14-25-34,362.0
956,results/models/policy_gradient__2020-11-26_18-14-16,401.0
957,results/models/policy_gradient__2020-11-26_20-49-41,439.0
958,results/models/policy_gradient__2020-11-26_21-48-06,458.0
959,results/models/policy_gradient__2020-11-27_00-10-43,503.0
960,results/models/policy_gradient__2020-11-25_19-35-58,203.0
961,results/models/policy_gradient__2020-11-25_21-44-40,239.0
962,results/models/policy_gradient__2020-11-25_23-43-13,271.0
963,results/models/policy_gradient__2020-11-26_01-28-48,304.0
964,results/models/policy_gradient__2020-11-26_13-13-21,341.0
965,results/models/policy_gradient__2020-11-26_14-54-27,371.0
966,results/models/policy_gradient__2020-11-26_17-54-04,396.0
967,results/models/policy_gradient__2020-11-26_20-03-25,424.0
968,results/models/policy_gradient__2020-11-26_22-28-49,471.0
969,results/models/policy_gradient__2020-11-26_23-46-04,495.0
970,results/models/policy_gradient__2020-11-25_19-46-39,206.0
971,results/models/policy_gradient__2020-11-25_21-53-35,242.0
972,results/models/policy_gradient__2020-11-26_00-05-59,278.0
973,results/models/policy_gradient__2020-11-26_01-42-58,309.0
974,results/models/policy_gradient__2020-11-26_13-09-30,340.0
975,results/models/policy_gradient__2020-11-26_14-39-41,366.0
976,results/models/policy_gradient__2020-11-26_17-31-02,392.0
977,results/models/policy_gradient__2020-11-26_20-37-27,435.0
978,results/models/policy_gradient__2020-11-26_22-12-29,466.0
979,results/models/policy_gradient__2020-11-26_23-55-14,498.0
980,results/models/policy_gradient__2020-11-25_20-08-12,212.0
981,results/models/policy_gradient__2020-11-25_21-35-46,236.0
982,results/models/policy_gradient__2020-11-25_23-52-59,274.0
983,results/models/policy_gradient__2020-11-26_01-17-19,300.0
984,results/models/policy_gradient__2020-11-26_12-46-43,335.0
985,results/models/policy_gradient__2020-11-26_14-28-45,363.0
986,results/models/policy_gradient__2020-11-26_18-32-07,406.0
987,results/models/policy_gradient__2020-11-26_20-31-21,433.0
988,results/models/policy_gradient__2020-11-26_21-54-06,460.0
989,results/models/policy_gradient__2020-11-26_23-55-14,498.0
990,results/models/policy_gradient__2020-11-25_19-46-39,206.0
991,results/models/policy_gradient__2020-11-25_21-47-39,240.0
992,results/models/policy_gradient__2020-11-26_00-05-59,278.0
993,results/models/policy_gradient__2020-11-26_01-48-37,311.0
994,results/models/policy_gradient__2020-11-26_12-28-49,331.0
995,results/models/policy_gradient__2020-11-26_14-32-35,364.0
996,results/models/policy_gradient__2020-11-26_18-00-34,397.0
997,results/models/policy_gradient__2020-11-26_20-25-18,431.0
998,results/models/policy_gradient__2020-11-26_22-12-29,466.0
999,results/models/policy_gradient__2020-11-27_00-04-38,501.0
1000,results/models/policy_gradient__2020-11-25_19-29-05,201.0
1001,results/models/policy_gradient__2020-11-25_23-13-48,263.0
1002,results/models/policy_gradient__2020-11-25_23-36-40,269.0
1003,results/models/policy_gradient__2020-11-26_12-10-19,327.0
1004,results/models/policy_gradient__2020-11-26_13-01-31,338.0
1005,results/models/policy_gradient__2020-11-26_14-48-36,369.0
1006,results/models/policy_gradient__2020-11-26_18-17-53,402.0
1007,results/models/policy_gradient__2020-11-26_20-12-29,427.0
1008,results/models/policy_gradient__2020-11-26_22-00-10,462.0
1009,results/models/policy_gradient__2020-11-26_23-21-52,488.0
1010,results/models/policy_gradient__2020-11-25_21-16-10,230.0
1011,results/models/policy_gradient__2020-11-25_21-44-40,239.0
1012,results/models/policy_gradient__2020-11-26_00-13-12,280.0
1013,results/models/policy_gradient__2020-11-26_11-59-45,324.0
1014,results/models/policy_gradient__2020-11-26_12-14-07,328.0
1015,results/models/policy_gradient__2020-11-26_14-54-27,371.0
1016,results/models/policy_gradient__2020-11-26_18-24-29,404.0
1017,results/models/policy_gradient__2020-11-26_20-03-25,424.0
1018,results/models/policy_gradient__2020-11-26_22-28-49,471.0
1019,results/models/policy_gradient__2020-11-26_23-46-04,495.0
1020,results/models/policy_gradient__2020-11-25_21-16-10,230.0
1021,results/models/policy_gradient__2020-11-25_21-44-40,239.0
1022,results/models/policy_gradient__2020-11-25_23-43-13,271.0
1023,results/models/policy_gradient__2020-11-26_11-59-45,324.0
1024,results/models/policy_gradient__2020-11-26_14-16-08,359.0
1025,results/models/policy_gradient__2020-11-26_14-54-27,371.0
1026,results/models/policy_gradient__2020-11-26_18-24-29,404.0
1027,results/models/policy_gradient__2020-11-26_20-03-25,424.0
1028,results/models/policy_gradient__2020-11-26_22-28-49,471.0
1029,results/models/policy_gradient__2020-11-27_01-00-18,519.0
1030,results/models/policy_gradient__2020-11-25_19-57-45,209.0
1031,results/models/policy_gradient__2020-11-25_22-38-47,255.0
1032,results/models/policy_gradient__2020-11-26_00-05-59,278.0
1033,results/models/policy_gradient__2020-11-26_12-03-19,325.0
1034,results/models/policy_gradient__2020-11-26_12-51-10,336.0
1035,results/models/policy_gradient__2020-11-26_17-16-28,389.0
1036,results/models/policy_gradient__2020-11-26_19-16-33,414.0
1037,results/models/policy_gradient__2020-11-26_20-43-34,437.0
1038,results/models/policy_gradient__2020-11-26_22-12-29,466.0
1039,results/models/policy_gradient__2020-11-27_00-44-57,514.0
1040,results/models/policy_gradient__2020-11-25_19-29-05,201.0
1041,results/models/policy_gradient__2020-11-25_22-05-49,246.0
1042,results/models/policy_gradient__2020-11-25_23-36-40,269.0
1043,results/models/policy_gradient__2020-11-26_12-10-19,327.0
1044,results/models/policy_gradient__2020-11-26_13-05-59,339.0
1045,results/models/policy_gradient__2020-11-26_15-24-21,381.0
1046,results/models/policy_gradient__2020-11-26_18-14-16,401.0
1047,results/models/policy_gradient__2020-11-26_21-07-58,445.0
1048,results/models/policy_gradient__2020-11-26_22-00-10,462.0
1049,results/models/policy_gradient__2020-11-27_00-07-41,502.0
1050,results/models/policy_gradient__2020-11-25_19-46-39,206.0
1051,results/models/policy_gradient__2020-11-25_21-53-35,242.0
1052,results/models/policy_gradient__2020-11-26_00-05-59,278.0
1053,results/models/policy_gradient__2020-11-26_01-42-58,309.0
1054,results/models/policy_gradient__2020-11-26_13-38-37,348.0
1055,results/models/policy_gradient__2020-11-26_17-16-28,389.0
1056,results/models/policy_gradient__2020-11-26_19-53-06,421.0
1057,results/models/policy_gradient__2020-11-26_21-17-34,448.0
1058,results/models/policy_gradient__2020-11-26_23-06-07,483.0
1059,results/models/policy_gradient__2020-11-26_23-55-14,498.0
1060,results/models/policy_gradient__2020-11-25_19-29-05,201.0
1061,results/models/policy_gradient__2020-11-25_22-31-29,253.0
1062,results/models/policy_gradient__2020-11-25_23-49-44,273.0
1063,results/models/policy_gradient__2020-11-26_01-23-06,302.0
1064,results/models/policy_gradient__2020-11-26_13-01-31,338.0
1065,results/models/policy_gradient__2020-11-26_14-48-36,369.0
1066,results/models/policy_gradient__2020-11-26_18-51-54,410.0
1067,results/models/policy_gradient__2020-11-26_20-12-29,427.0
1068,results/models/policy_gradient__2020-11-26_22-00-10,462.0
1069,results/models/policy_gradient__2020-11-26_23-52-12,497.0
1070,results/models/policy_gradient__2020-11-25_19-57-45,209.0
1071,results/models/policy_gradient__2020-11-25_23-02-51,261.0
1072,results/models/policy_gradient__2020-11-26_00-33-44,286.0
1073,results/models/policy_gradient__2020-11-26_01-14-26,299.0
1074,results/models/policy_gradient__2020-11-26_12-56-50,337.0
1075,results/models/policy_gradient__2020-11-26_17-04-11,386.0
1076,results/models/policy_gradient__2020-11-26_18-07-20,399.0
1077,results/models/policy_gradient__2020-11-26_20-43-34,437.0
1078,results/models/policy_gradient__2020-11-26_22-41-32,475.0
1079,results/models/policy_gradient__2020-11-27_00-51-02,516.0
1080,results/models/policy_gradient__2020-11-25_21-16-10,230.0
1081,results/models/policy_gradient__2020-11-25_21-44-40,239.0
1082,results/models/policy_gradient__2020-11-25_23-43-13,271.0
1083,results/models/policy_gradient__2020-11-26_11-59-45,324.0
1084,results/models/policy_gradient__2020-11-26_14-16-08,359.0
1085,results/models/policy_gradient__2020-11-26_14-54-27,371.0
1086,results/models/policy_gradient__2020-11-26_18-24-29,404.0
1087,results/models/policy_gradient__2020-11-26_20-03-25,424.0
1088,results/models/policy_gradient__2020-11-26_22-28-49,471.0
1089,results/models/policy_gradient__2020-11-26_23-46-04,495.0
1090,results/models/policy_gradient__2020-11-25_19-46-39,206.0
1091,results/models/policy_gradient__2020-11-25_21-53-35,242.0
1092,results/models/policy_gradient__2020-11-26_00-05-59,278.0
1093,results/models/policy_gradient__2020-11-26_12-03-19,325.0
1094,results/models/policy_gradient__2020-11-26_13-38-37,348.0
1095,results/models/policy_gradient__2020-11-26_17-16-28,389.0
1096,results/models/policy_gradient__2020-11-26_19-16-33,414.0
1097,results/models/policy_gradient__2020-11-26_21-35-54,454.0
1098,results/models/policy_gradient__2020-11-26_22-25-36,470.0
1099,results/models/policy_gradient__2020-11-27_00-44-57,514.0
1100,results/models/policy_gradient__2020-11-25_20-47-12,222.0
1101,results/models/policy_gradient__2020-11-25_21-53-35,242.0
1102,results/models/policy_gradient__2020-11-26_00-05-59,278.0
1103,results/models/policy_gradient__2020-11-26_01-42-58,309.0
1104,results/models/policy_gradient__2020-11-26_12-43-22,334.0
1105,results/models/policy_gradient__2020-11-26_14-39-41,366.0
1106,results/models/policy_gradient__2020-11-26_18-45-34,409.0
1107,results/models/policy_gradient__2020-11-26_20-52-42,440.0
1108,results/models/policy_gradient__2020-11-26_22-12-29,466.0
1109,results/models/policy_gradient__2020-11-27_00-04-38,501.0
1110,results/models/policy_gradient__2020-11-25_21-16-10,230.0
1111,results/models/policy_gradient__2020-11-25_21-44-40,239.0
1112,results/models/policy_gradient__2020-11-25_23-43-13,271.0
1113,results/models/policy_gradient__2020-11-26_11-59-45,324.0
1114,results/models/policy_gradient__2020-11-26_14-16-08,359.0
1115,results/models/policy_gradient__2020-11-26_14-54-27,371.0
1116,results/models/policy_gradient__2020-11-26_18-24-29,404.0
1117,results/models/policy_gradient__2020-11-26_20-03-25,424.0
1118,results/models/policy_gradient__2020-11-26_22-28-49,471.0
1119,results/models/policy_gradient__2020-11-27_01-00-18,519.0
1120,results/models/policy_gradient__2020-11-25_21-16-10,230.0
1121,results/models/policy_gradient__2020-11-25_21-44-40,239.0
1122,results/models/policy_gradient__2020-11-25_23-43-13,271.0
1123,results/models/policy_gradient__2020-11-26_01-28-48,304.0
1124,results/models/policy_gradient__2020-11-26_13-13-21,341.0
1125,results/models/policy_gradient__2020-11-26_14-54-27,371.0
1126,results/models/policy_gradient__2020-11-26_17-54-04,396.0
1127,results/models/policy_gradient__2020-11-26_20-03-25,424.0
1128,results/models/policy_gradient__2020-11-26_22-28-49,471.0
1129,results/models/policy_gradient__2020-11-26_23-46-04,495.0
1130,results/models/policy_gradient__2020-11-25_21-16-10,230.0
1131,results/models/policy_gradient__2020-11-25_21-44-40,239.0
1132,results/models/policy_gradient__2020-11-25_23-43-13,271.0
1133,results/models/policy_gradient__2020-11-26_11-59-45,324.0
1134,results/models/policy_gradient__2020-11-26_13-13-21,341.0
1135,results/models/policy_gradient__2020-11-26_14-54-27,371.0
1136,results/models/policy_gradient__2020-11-26_17-45-58,395.0
1137,results/models/policy_gradient__2020-11-26_20-03-25,424.0
1138,results/models/policy_gradient__2020-11-26_22-28-49,471.0
1139,results/models/policy_gradient__2020-11-26_23-46-04,495.0
1140,results/models/policy_gradient__2020-11-25_21-16-10,230.0
1141,results/models/policy_gradient__2020-11-25_22-12-58,248.0
1142,results/models/policy_gradient__2020-11-26_00-13-12,280.0
1143,results/models/policy_gradient__2020-11-26_11-59-45,324.0
1144,results/models/policy_gradient__2020-11-26_14-16-08,359.0
1145,results/models/policy_gradient__2020-11-26_14-54-27,371.0
1146,results/models/policy_gradient__2020-11-26_18-21-13,403.0
1147,results/models/policy_gradient__2020-11-26_20-03-25,424.0
1148,results/models/policy_gradient__2020-11-26_22-28-49,471.0
1149,results/models/policy_gradient__2020-11-27_01-00-18,519.0
1150,results/models/policy_gradient__2020-11-25_21-13-00,229.0
1151,results/models/policy_gradient__2020-11-25_23-13-48,263.0
1152,results/models/policy_gradient__2020-11-25_23-36-40,269.0
1153,results/models/policy_gradient__2020-11-26_11-55-59,323.0
1154,results/models/policy_gradient__2020-11-26_13-05-59,339.0
1155,results/models/policy_gradient__2020-11-26_15-24-21,381.0
1156,results/models/policy_gradient__2020-11-26_18-14-16,401.0
1157,results/models/policy_gradient__2020-11-26_20-49-41,439.0
1158,results/models/policy_gradient__2020-11-26_21-48-06,458.0
1159,results/models/policy_gradient__2020-11-27_00-10-43,503.0
1160,results/models/policy_gradient__2020-11-25_21-16-10,230.0
1161,results/models/policy_gradient__2020-11-25_21-44-40,239.0
1162,results/models/policy_gradient__2020-11-25_23-43-13,271.0
1163,results/models/policy_gradient__2020-11-26_01-28-48,304.0
1164,results/models/policy_gradient__2020-11-26_13-13-21,341.0
1165,results/models/policy_gradient__2020-11-26_14-54-27,371.0
1166,results/models/policy_gradient__2020-11-26_17-54-04,396.0
1167,results/models/policy_gradient__2020-11-26_20-03-25,424.0
1168,results/models/policy_gradient__2020-11-26_22-28-49,471.0
1169,results/models/policy_gradient__2020-11-26_23-46-04,495.0
1170,results/models/policy_gradient__2020-11-25_20-47-12,222.0
1171,results/models/policy_gradient__2020-11-25_21-53-35,242.0
1172,results/models/policy_gradient__2020-11-26_00-53-36,292.0
1173,results/models/policy_gradient__2020-11-26_02-11-43,319.0
1174,results/models/policy_gradient__2020-11-26_13-09-30,340.0
1175,results/models/policy_gradient__2020-11-26_14-39-41,366.0
1176,results/models/policy_gradient__2020-11-26_18-45-34,409.0
1177,results/models/policy_gradient__2020-11-26_20-37-27,435.0
1178,results/models/policy_gradient__2020-11-26_22-12-29,466.0
1179,results/models/policy_gradient__2020-11-26_23-55-14,498.0
1180,results/models/policy_gradient__2020-11-25_20-29-54,217.0
1181,results/models/policy_gradient__2020-11-25_22-20-43,250.0
1182,results/models/policy_gradient__2020-11-25_23-52-59,274.0
1183,results/models/policy_gradient__2020-11-26_01-54-15,313.0
1184,results/models/policy_gradient__2020-11-26_13-38-37,348.0
1185,results/models/policy_gradient__2020-11-26_17-25-30,391.0
1186,results/models/policy_gradient__2020-11-26_19-53-06,421.0
1187,results/models/policy_gradient__2020-11-26_21-17-34,448.0
1188,results/models/policy_gradient__2020-11-26_21-54-06,460.0
1189,results/models/policy_gradient__2020-11-27_00-32-40,510.0
1190,results/models/policy_gradient__2020-11-25_19-46-39,206.0
1191,results/models/policy_gradient__2020-11-25_22-24-44,251.0
1192,results/models/policy_gradient__2020-11-26_00-05-59,278.0
1193,results/models/policy_gradient__2020-11-26_12-03-19,325.0
1194,results/models/policy_gradient__2020-11-26_13-41-52,349.0
1195,results/models/policy_gradient__2020-11-26_17-16-28,389.0
1196,results/models/policy_gradient__2020-11-26_19-16-33,414.0
1197,results/models/policy_gradient__2020-11-26_20-52-42,440.0
1198,results/models/policy_gradient__2020-11-26_22-12-29,466.0
1199,results/models/policy_gradient__2020-11-27_00-44-57,514.0
